Encoded,Saved: C:/XboxGames/2.png | Algorithm: AES-256,2025-02-13 17:18:48
Encoded,Saved: C:/XboxGames/1.png | Algorithm: AES-128,2025-02-13 21:10:10
Decoded,Image: C:/XboxGames/1.png | Algorithm: AES-128,2025-02-13 21:11:14
Decoded,Image: C:/XboxGames/1.png | Algorithm: AES-128,2025-02-13 21:43:43
Decoded,Image: C:/XboxGames/o.png | Algorithm: AES-128,2025-02-14 14:40:57
Encoded,Saved: C:/XboxGames/o.png | Algorithm: MD5,2025-02-14 18:25:38
Decoded,Image: C:/XboxGames/o.png | Algorithm: MD5,2025-02-14 18:26:06
Encoded,Saved: C:/XboxGames/o.png | Algorithm: SHA-256,2025-02-14 18:53:26
Decoded,Image: C:/XboxGames/o.png | Algorithm: SHA-256,2025-02-14 18:53:47
Decoded,Image: C:/XboxGames/o.png | Algorithm: SHA-256,2025-02-14 18:53:59
Decoded,Image: C:/XboxGames/o.png | Algorithm: SHA-256,2025-02-14 18:54:42
Decoded,Image: C:/XboxGames/o.png | Algorithm: SHA-256,2025-02-14 18:54:51
Decoded,Image: C:/XboxGames/o.png | Algorithm: SHA-256,2025-02-14 18:59:46
Decoded,Image: C:/XboxGames/o.png | Algorithm: SHA-256,2025-02-14 19:06:07
Decoded,Image: C:/XboxGames/o.png | Algorithm: SHA-256,2025-02-14 19:06:48
Decoded,Image: C:/XboxGames/o.png | Algorithm: SHA-256,2025-02-14 19:06:54
Decoded,Image: C:/XboxGames/o.png | Algorithm: SHA-256,2025-02-14 19:07:00
Decoded,Image: C:/XboxGames/o.png | Algorithm: SHA-256,2025-02-14 19:12:03
Encoded,Saved: C:/XboxGames/o.png | Algorithm: AES-128,2025-02-14 20:47:31
Decoded,Image: C:/XboxGames/o.png | Algorithm: AES-128,2025-02-14 20:48:56
Decoded,Image: C:/XboxGames/o.png | Algorithm: AES-128,2025-02-14 20:53:37
Encoded,Saved: C:/XboxGames/o.png | Algorithm: AES-128,2025-02-14 20:54:05
Decoded,Image: C:/XboxGames/o.png | Algorithm: AES-128,2025-02-14 20:54:26
Encoded,Saved: C:/XboxGames/o.png | Algorithm: AES-128,2025-02-14 21:51:15
Decoded,Image: C:/XboxGames/o.png | Algorithm: AES-128,2025-02-14 21:53:01
Encoded,Saved: C:/XboxGames/o.png | Algorithm: AES-256,2025-02-14 22:22:13
Decoded,Image: C:/XboxGames/o.png | Algorithm: AES-256,2025-02-14 22:23:10
